label,src_ip,src_port,dst_ip,dst_port,dst2src_bytes,src2dst_bytes,protocol,bidirectional_duration_ms
tcp,192.168.157.201,52607,10.105.10.100,7680,0,198,6,12074
udp,10.105.10.82,60349,239.255.255.250,1900,0,167,17,0
udp,fe80::ddc8:5cac:7e48:f06,546,ff02::1:2,547,0,173,17,0
udp,10.105.10.61,59150,8.8.8.8,53,187,155,17,116
udp,fe80::a861:4965:d154:9a39,53215,ff02::1:3,5355,0,176,17,420
udp,10.105.10.55,53215,224.0.0.252,5355,0,136,17,419
udp,10.105.11.201,60928,224.0.0.252,5355,0,156,17,415
udp,fe80::8db8:8ebc:e236:794f,60928,ff02::1:3,5355,0,196,17,415
udp,10.105.10.6,64803,229.111.112.12,3071,0,3360,17,275418
udp,10.105.10.4,1985,224.0.0.2,1985,0,6986,17,275421
udp,10.105.10.3,1985,224.0.0.2,1985,0,6324,17,274781
http,103.41.69.205,443,10.105.10.61,50528,1512,2380,6,270350
http,10.105.10.61,52203,140.82.112.26,443,1030,695,6,255137
http,10.105.10.61,52482,104.244.42.66,443,297,163,6,29951
udp,10.105.10.110,58512,239.255.255.250,1900,0,868,17,3014
http,10.105.10.61,52480,52.42.63.10,443,7915,7750,6,272233
udp,10.105.11.201,5353,224.0.0.251,5353,0,62916,17,269246
udp,fe80::8db8:8ebc:e236:794f,5353,ff02::fb,5353,0,77792,17,269246
udp,fe80::8db8:8ebc:e236:794f,54572,ff02::1:3,5355,0,196,17,420
udp,10.105.11.201,54572,224.0.0.252,5355,0,156,17,420
udp,fe80::8db8:8ebc:e236:794f,56222,ff02::1:3,5355,0,196,17,420
udp,10.105.11.201,56222,224.0.0.252,5355,0,156,17,419
udp,fe80::8db8:8ebc:e236:794f,51326,ff02::1:3,5355,0,196,17,415
udp,10.105.11.201,51326,224.0.0.252,5355,0,156,17,415
udp,fe80::8db8:8ebc:e236:794f,61178,ff02::1:3,5355,0,196,17,414
udp,10.105.11.201,61178,224.0.0.252,5355,0,156,17,414
udp,fe80::8855:462c:c6de:d6fa,546,ff02::1:2,547,0,471,17,48018
udp,10.105.10.82,57621,10.105.11.255,57621,0,1032,17,265729
udp,10.105.10.107,60441,239.255.255.250,1900,0,868,17,3013
http,10.105.10.61,52021,8.8.4.4,443,14254,7541,17,5365
http,10.105.10.61,62135,216.58.207.238,443,208903,11712,17,15111
http,10.105.10.61,52556,216.58.207.238,443,8237,1144,6,74672
udp,fe80::8db8:8ebc:e236:794f,50389,ff02::1:3,5355,0,196,17,415
udp,10.105.11.201,50389,224.0.0.252,5355,0,156,17,415
udp,fe80::8db8:8ebc:e236:794f,62036,ff02::1:3,5355,0,196,17,415
udp,10.105.11.201,62036,224.0.0.252,5355,0,156,17,415
http,10.105.10.61,62122,142.250.74.174,443,19238,5886,17,3922
http,10.105.10.61,60845,142.250.74.67,443,2471,1682,17,43
http,10.105.10.61,52557,142.250.74.174,443,5798,1144,6,74211
NetBIOS ,10.105.10.55,137,10.105.11.255,137,0,12880,17,269332
udp,fe80::a861:4965:d154:9a39,53447,ff02::1:3,5355,0,176,17,419
udp,10.105.10.55,53447,224.0.0.252,5355,0,136,17,420
udp,fe80::a861:4965:d154:9a39,52420,ff02::1:3,5355,0,176,17,418
udp,10.105.10.55,52420,224.0.0.252,5355,0,136,17,418
http,10.105.10.61,51503,142.250.74.142,443,13564,18307,17,70238
http,10.105.10.61,63758,216.58.211.3,443,6710,4712,17,72199
udp,fe80::8db8:8ebc:e236:794f,63439,ff02::1:3,5355,0,196,17,419
udp,10.105.11.201,63439,224.0.0.252,5355,0,156,17,419
udp,fe80::8db8:8ebc:e236:794f,51639,ff02::1:3,5355,0,196,17,419
udp,10.105.11.201,51639,224.0.0.252,5355,0,156,17,419
udp,10.105.10.61,64148,8.8.8.8,53,143,98,17,27
udp,10.105.10.109,59272,239.255.255.250,1900,0,868,17,3046
http,10.105.10.61,53214,216.58.207.225,443,9499,4912,17,14213
https_upload,10.105.10.61,54321,142.250.74.142,443,338555,51506473,17,23427
http,10.105.10.61,52558,142.250.74.142,443,8248,1144,6,73733
udp,10.105.10.31,49155,239.255.255.250,1900,0,13390,17,221027
http,10.105.10.61,57331,216.58.207.202,443,9715,7099,17,3961
http,10.105.10.61,52559,216.58.207.202,443,11541,1144,6,73518
http,10.105.10.61,59779,172.217.21.163,443,3663,2996,17,3062
http,10.105.10.61,63796,142.250.74.46,443,2958,2154,17,64
http,10.105.10.61,53225,142.250.74.46,443,47953,200402,17,73523
http,10.105.10.61,52166,142.250.74.36,443,20669,4837,17,2786
http,10.105.10.61,59426,142.250.74.74,443,3124,2364,17,175
http,10.105.10.61,60567,142.250.74.74,443,3825,3649,17,286
udp,fe80::a861:4965:d154:9a39,49268,ff02::1:3,5355,0,176,17,420
udp,10.105.10.55,49268,224.0.0.252,5355,0,136,17,420
udp,fe80::a861:4965:d154:9a39,53279,ff02::1:3,5355,0,176,17,419
udp,10.105.10.55,53279,224.0.0.252,5355,0,136,17,419
udp,10.105.10.112,68,255.255.255.255,67,0,354,17,0
icmp,fe80::dc04:f590:eb58:2769,0,ff02::16,0,0,450,58,120
udp,10.105.10.112,5353,224.0.0.251,5353,0,196,17,0
udp,fe80::dc04:f590:eb58:2769,5353,ff02::fb,5353,0,236,17,0
udp,fe80::dc04:f590:eb58:2769,59896,ff02::1:3,5355,0,93,17,0
udp,10.105.10.112,59896,224.0.0.252,5355,0,73,17,0
udp,10.105.10.67,63768,239.255.255.250,1900,0,868,17,3019
tcp,10.125.13.60,57594,10.105.10.99,7680,0,330,6,15041
udp,10.105.10.111,52936,239.255.255.250,1900,0,868,17,3030
http,10.105.10.61,59150,142.250.74.106,443,8224,4778,17,10957
http,10.105.10.61,56476,172.217.21.174,443,6641,3659,17,214
http,10.105.10.61,55439,216.58.211.3,443,6628,3400,17,100
http,10.105.10.61,62261,142.250.74.106,443,12300,8736,17,68671
udp,fe80::a861:4965:d154:9a39,49236,ff02::1:3,5355,0,176,17,421
udp,10.105.10.55,49236,224.0.0.252,5355,0,136,17,421
udp,fe80::a861:4965:d154:9a39,52849,ff02::1:3,5355,0,176,17,420
udp,10.105.10.55,52849,224.0.0.252,5355,0,136,17,420
NetBIOS ,10.105.10.94,138,10.105.11.255,138,0,243,17,0
udp,fe80::f91f:fb64:7761:514b,546,ff02::1:2,547,0,314,17,32010
http,152.199.19.161,443,10.105.10.61,52549,216,443,6,173413
udp,fe80::ecd2:879a:f716:e324,64716,ff02::c,3702,0,4998,17,7074
udp,10.105.10.75,64715,239.255.255.250,3702,0,4858,17,6388
udp,fe80::a861:4965:d154:9a39,50439,ff02::1:3,5355,0,176,17,422
udp,10.105.10.55,50439,224.0.0.252,5355,0,136,17,422
udp,fe80::a861:4965:d154:9a39,51044,ff02::1:3,5355,0,176,17,421
udp,10.105.10.55,51044,224.0.0.252,5355,0,136,17,421
udp,fe80::8db8:8ebc:e236:794f,53249,ff02::1:3,5355,0,196,17,420
udp,10.105.11.201,53249,224.0.0.252,5355,0,156,17,420
udp,fe80::8db8:8ebc:e236:794f,57554,ff02::1:3,5355,0,196,17,420
udp,10.105.11.201,57554,224.0.0.252,5355,0,156,17,420
udp,fe80::8db8:8ebc:e236:794f,52713,ff02::1:3,5355,0,196,17,426
udp,10.105.11.201,52713,224.0.0.252,5355,0,156,17,426
udp,fe80::8db8:8ebc:e236:794f,53915,ff02::1:3,5355,0,196,17,426
udp,10.105.11.201,53915,224.0.0.252,5355,0,156,17,426
udp,10.105.10.94,62737,239.255.255.250,1900,0,868,17,3035
icmp,::,0,ff02::1:ffab:46b,0,0,1634,58,231746
http,13.69.68.64,443,10.105.10.61,52524,164,252,6,120032
icmp,fe80::1262:e5ff:feab:46b,0,ff02::2,0,0,560,58,231553
http,10.105.10.61,52475,104.244.42.65,443,297,163,6,29833
udp,fe80::8db8:8ebc:e236:794f,62384,ff02::1:3,5355,0,196,17,414
udp,10.105.11.201,62384,224.0.0.252,5355,0,156,17,414
udp,fe80::8db8:8ebc:e236:794f,63994,ff02::1:3,5355,0,196,17,414
udp,10.105.11.201,63994,224.0.0.252,5355,0,156,17,414
udp,fe80::a861:4965:d154:9a39,56924,ff02::1:3,5355,0,176,17,420
udp,10.105.10.55,56924,224.0.0.252,5355,0,136,17,420
udp,fe80::a861:4965:d154:9a39,56868,ff02::1:3,5355,0,176,17,420
udp,10.105.10.55,56868,224.0.0.252,5355,0,136,17,420
udp,fe80::8db8:8ebc:e236:794f,55052,ff02::1:3,5355,0,196,17,417
udp,10.105.11.201,55052,224.0.0.252,5355,0,156,17,417
udp,fe80::8db8:8ebc:e236:794f,62596,ff02::1:3,5355,0,196,17,417
udp,10.105.11.201,62596,224.0.0.252,5355,0,156,17,417
http,10.105.10.61,52560,103.62.50.208,443,0,132,6,1000
udp,10.105.10.101,57039,239.255.255.250,1900,0,868,17,3018
http,10.105.10.61,52521,143.204.237.47,443,429,273,6,104959
udp,10.105.10.68,51612,239.255.255.250,1900,0,868,17,3027
http,142.250.74.74,443,10.105.10.61,49989,702,2121,6,240058
http,10.105.10.61,52523,13.33.124.109,443,489,273,6,104997
udp,fe80::a861:4965:d154:9a39,55828,ff02::1:3,5355,0,176,17,420
udp,10.105.10.55,55828,224.0.0.252,5355,0,136,17,420
udp,fe80::a861:4965:d154:9a39,49617,ff02::1:3,5355,0,176,17,419
udp,10.105.10.55,49617,224.0.0.252,5355,0,136,17,419
http,10.105.10.61,52561,103.62.50.208,443,0,132,6,1014
udp,10.105.10.107,59807,239.255.255.250,1900,0,868,17,3020
http,10.105.10.61,50307,192.241.189.104,443,554,398,6,224806
udp,10.105.10.61,53443,10.105.11.255,1947,0,82,17,0
http,10.105.10.61,52562,103.62.50.208,443,0,132,6,1004
http,10.105.10.61,57483,142.250.74.142,443,0,3876,17,619
udp,fe80::8db8:8ebc:e236:794f,59150,ff02::1:3,5355,0,196,17,415
udp,10.105.11.201,59150,224.0.0.252,5355,0,156,17,416
udp,fe80::8db8:8ebc:e236:794f,52382,ff02::1:3,5355,0,196,17,415
udp,10.105.11.201,52382,224.0.0.252,5355,0,156,17,415
udp,fe80::8db8:8ebc:e236:794f,65172,ff02::1:3,5355,0,196,17,415
udp,10.105.11.201,65172,224.0.0.252,5355,0,156,17,415
udp,fe80::8db8:8ebc:e236:794f,63686,ff02::1:3,5355,0,196,17,415
udp,10.105.11.201,63686,224.0.0.252,5355,0,156,17,415
udp,10.105.10.113,59713,239.255.255.250,1900,0,868,17,3015
http,10.105.10.61,62439,142.250.74.142,443,0,3876,17,617
udp,10.105.10.89,54828,239.255.255.250,1900,0,868,17,3016
udp,fe80::8db8:8ebc:e236:794f,54417,ff02::1:3,5355,0,196,17,415
udp,10.105.11.201,54417,224.0.0.252,5355,0,156,17,415
udp,fe80::8db8:8ebc:e236:794f,51703,ff02::1:3,5355,0,196,17,415
udp,10.105.11.201,51703,224.0.0.252,5355,0,156,17,415
udp,fe80::8db8:8ebc:e236:794f,51065,ff02::1:3,5355,0,196,17,416
udp,10.105.11.201,51065,224.0.0.252,5355,0,156,17,415
udp,fe80::8db8:8ebc:e236:794f,56210,ff02::1:3,5355,0,196,17,415
udp,10.105.11.201,56210,224.0.0.252,5355,0,156,17,415
http,10.105.10.61,52476,104.244.43.131,443,396,330,6,225306
http,10.105.10.61,52555,140.82.121.5,443,279,218,6,75002
https_upload,10.105.10.61,57474,142.250.74.142,443,300266,36235984,17,50485
udp,10.105.10.82,55004,239.255.255.250,1900,0,844,17,3029
udp,10.105.10.75,50700,255.255.255.255,1947,0,574,17,240352
http,10.105.10.61,52479,151.101.244.158,443,396,330,6,225366
http,10.105.10.61,65264,142.250.74.142,443,0,3876,17,604
http,10.105.10.61,52460,104.244.42.66,443,231,163,6,29842
http,10.105.10.61,52478,104.244.42.66,443,231,163,6,29812
udp,10.105.10.105,59653,239.255.255.250,1900,0,864,17,3043
udp,10.105.10.75,50700,10.105.11.255,1947,0,574,17,240347
udp,fe80::8db8:8ebc:e236:794f,52168,ff02::1:3,5355,0,196,17,415
udp,10.105.11.201,52168,224.0.0.252,5355,0,156,17,415
udp,fe80::8db8:8ebc:e236:794f,54456,ff02::1:3,5355,0,196,17,415
udp,10.105.11.201,54456,224.0.0.252,5355,0,156,17,415
udp,fe80::8db8:8ebc:e236:794f,57976,ff02::1:3,5355,0,196,17,415
udp,10.105.11.201,57976,224.0.0.252,5355,0,156,17,415
udp,10.105.10.61,59151,8.8.8.8,53,104,88,17,27
http,10.105.10.61,52563,216.58.207.202,443,7693,3060,6,36679
udp,10.105.10.61,52981,8.8.8.8,53,238,78,17,25
http,10.105.10.61,52564,142.250.74.170,443,8836,3291,6,42904
http,10.105.10.61,52565,142.250.74.170,443,14140,4695,6,100402
udp,10.105.10.110,62196,239.255.255.250,1900,0,868,17,3014
udp,fe80::8db8:8ebc:e236:794f,64621,ff02::1:3,5355,0,196,17,419
udp,10.105.11.201,64621,224.0.0.252,5355,0,156,17,419
udp,fe80::8db8:8ebc:e236:794f,62055,ff02::1:3,5355,0,196,17,419
udp,10.105.11.201,62055,224.0.0.252,5355,0,156,17,419
udp,fe80::8db8:8ebc:e236:794f,55343,ff02::1:3,5355,0,196,17,416
udp,10.105.11.201,55343,224.0.0.252,5355,0,156,17,415
udp,fe80::8db8:8ebc:e236:794f,58470,ff02::1:3,5355,0,196,17,415
udp,10.105.11.201,58470,224.0.0.252,5355,0,156,17,415
http,10.105.10.61,55327,142.250.74.174,443,3044,3357,17,76
udp,10.105.10.114,59893,239.255.255.250,1900,0,868,17,3020
udp,fe80::a861:4965:d154:9a39,61500,ff02::1:3,5355,0,176,17,420
udp,10.105.10.55,61500,224.0.0.252,5355,0,136,17,420
udp,fe80::a861:4965:d154:9a39,58928,ff02::1:3,5355,0,176,17,419
udp,10.105.10.55,58928,224.0.0.252,5355,0,136,17,419
udp,10.105.10.52,62371,239.255.255.250,1900,0,864,17,3026
udp,fe80::a861:4965:d154:9a39,59389,ff02::1:3,5355,0,176,17,420
udp,10.105.10.55,59389,224.0.0.252,5355,0,136,17,420
udp,fe80::a861:4965:d154:9a39,58311,ff02::1:3,5355,0,176,17,419
udp,10.105.10.55,58311,224.0.0.252,5355,0,136,17,419
udp,fe80::8db8:8ebc:e236:794f,58355,ff02::1:3,5355,0,196,17,415
udp,10.105.11.201,58355,224.0.0.252,5355,0,156,17,415
udp,fe80::8db8:8ebc:e236:794f,52949,ff02::1:3,5355,0,196,17,415
udp,10.105.11.201,52949,224.0.0.252,5355,0,156,17,415
udp,fe80::a861:4965:d154:9a39,61888,ff02::1:3,5355,0,176,17,412
udp,10.105.10.55,61888,224.0.0.252,5355,0,136,17,412
udp,fe80::a861:4965:d154:9a39,62141,ff02::1:3,5355,0,176,17,412
udp,10.105.10.55,62141,224.0.0.252,5355,0,136,17,412
udp,fe80::8db8:8ebc:e236:794f,61652,ff02::1:3,5355,0,196,17,419
udp,10.105.11.201,61652,224.0.0.252,5355,0,156,17,419
udp,fe80::8db8:8ebc:e236:794f,54183,ff02::1:3,5355,0,196,17,419
udp,10.105.11.201,54183,224.0.0.252,5355,0,156,17,419
udp,10.105.10.106,54089,239.255.255.250,1900,0,868,17,3012
udp,10.105.10.77,55741,239.255.255.250,1900,0,868,17,3030
udp,10.105.10.53,137,10.105.11.255,137,0,1104,17,188491
udp,fe80::8db8:8ebc:e236:794f,59033,ff02::1:3,5355,0,196,17,415
udp,10.105.11.201,59033,224.0.0.252,5355,0,156,17,415
udp,fe80::8db8:8ebc:e236:794f,62219,ff02::1:3,5355,0,196,17,415
udp,10.105.11.201,62219,224.0.0.252,5355,0,156,17,415
tcp,10.125.13.47,65159,10.105.10.99,7680,0,330,6,15032
udp,fe80::a861:4965:d154:9a39,64128,ff02::1:3,5355,0,176,17,420
udp,10.105.10.55,64128,224.0.0.252,5355,0,136,17,420
udp,fe80::8db8:8ebc:e236:794f,65357,ff02::1:3,5355,0,196,17,419
udp,10.105.11.201,65357,224.0.0.252,5355,0,156,17,419
udp,fe80::8db8:8ebc:e236:794f,62466,ff02::1:3,5355,0,196,17,418
udp,10.105.11.201,62466,224.0.0.252,5355,0,156,17,418
udp,10.105.10.63,63774,239.255.255.250,1900,0,868,17,3034
udp,fe80::a861:4965:d154:9a39,61308,ff02::1:3,5355,0,176,17,421
udp,10.105.10.55,61308,224.0.0.252,5355,0,136,17,421
udp,fe80::a861:4965:d154:9a39,58592,ff02::1:3,5355,0,176,17,420
udp,10.105.10.55,58592,224.0.0.252,5355,0,136,17,420
udp,10.105.10.120,64363,239.255.255.250,1900,0,868,17,3032
udp,10.105.10.75,1900,239.255.255.250,1900,0,1356,17,219446
udp,10.105.10.61,59152,10.105.11.255,1947,0,82,17,0
icmp,10.105.10.4,0,10.105.10.61,0,0,350,1,206137
udp,10.105.10.75,54366,239.255.255.250,1900,0,868,17,3010
udp,fe80::a861:4965:d154:9a39,56520,ff02::1:3,5355,0,176,17,425
udp,10.105.10.55,56520,224.0.0.252,5355,0,136,17,425
udp,fe80::a861:4965:d154:9a39,54628,ff02::1:3,5355,0,176,17,425
udp,10.105.10.55,54628,224.0.0.252,5355,0,136,17,425
http,52.176.60.255,443,10.105.10.61,50527,216,1088,6,180008
udp,fe80::8db8:8ebc:e236:794f,51352,ff02::1:3,5355,0,196,17,416
udp,10.105.11.201,51352,224.0.0.252,5355,0,156,17,416
udp,fe80::8db8:8ebc:e236:794f,64161,ff02::1:3,5355,0,196,17,415
udp,10.105.11.201,64161,224.0.0.252,5355,0,156,17,415
udp,fe80::8db8:8ebc:e236:794f,54708,ff02::1:3,5355,0,196,17,415
udp,10.105.11.201,54708,224.0.0.252,5355,0,156,17,415
udp,fe80::8db8:8ebc:e236:794f,58248,ff02::1:3,5355,0,196,17,415
udp,10.105.11.201,58248,224.0.0.252,5355,0,156,17,415
http,10.105.10.61,52540,216.58.207.202,443,60,193,6,16
udp,10.105.10.83,49587,239.255.255.250,1900,0,868,17,3019
udp,fe80::8db8:8ebc:e236:794f,52563,ff02::1:3,5355,0,196,17,415
udp,10.105.11.201,52563,224.0.0.252,5355,0,156,17,415
udp,fe80::8db8:8ebc:e236:794f,59498,ff02::1:3,5355,0,196,17,414
udp,10.105.11.201,59498,224.0.0.252,5355,0,156,17,414
tcp,10.105.10.61,52566,10.125.13.75,7680,0,330,6,15039
udp,fe80::1262:e5ff:feab:46b,546,ff02::1:2,547,0,256,17,99454
udp,fe80::8db8:8ebc:e236:794f,57091,ff02::1:3,5355,0,196,17,414
udp,10.105.11.201,57091,224.0.0.252,5355,0,156,17,414
udp,fe80::8db8:8ebc:e236:794f,61190,ff02::1:3,5355,0,196,17,413
udp,10.105.11.201,61190,224.0.0.252,5355,0,156,17,413
http,10.105.10.61,59150,216.58.207.238,443,132334,113073,17,18081
udp,10.105.10.81,63622,239.255.255.250,1900,0,864,17,3020
udp,10.105.10.126,54772,239.255.255.250,1900,0,864,17,3035
udp,10.105.10.82,54805,239.255.255.250,1900,0,868,17,3017
http,10.105.10.61,63736,216.58.207.225,443,4174,2150,17,43
udp,fe80::8db8:8ebc:e236:794f,63553,ff02::1:3,5355,0,196,17,416
udp,10.105.11.201,63553,224.0.0.252,5355,0,156,17,416
udp,fe80::8db8:8ebc:e236:794f,60063,ff02::1:3,5355,0,196,17,416
udp,10.105.11.201,60063,224.0.0.252,5355,0,156,17,416
udp,fe80::9c45:3697:5d42:b9ed,55313,ff02::c,3702,0,5026,17,7202
udp,10.105.10.85,55312,239.255.255.250,3702,0,4886,17,7686
udp,fe80::8db8:8ebc:e236:794f,53074,ff02::1:3,5355,0,196,17,420
udp,10.105.11.201,53074,224.0.0.252,5355,0,156,17,420
udp,fe80::8db8:8ebc:e236:794f,49673,ff02::1:3,5355,0,196,17,419
udp,10.105.11.201,49673,224.0.0.252,5355,0,156,17,419
http,10.105.10.61,60726,172.217.21.174,443,19361,5504,17,8582
udp,10.105.10.61,50810,8.8.8.8,53,91,75,17,18
udp,10.105.11.201,54548,239.255.255.250,1900,0,350,17,2016
udp,fe80::8db8:8ebc:e236:794f,54547,ff02::c,1900,0,390,17,2016
udp,10.105.10.61,56901,8.8.8.8,53,91,75,17,17
udp,fe80::8db8:8ebc:e236:794f,1900,ff02::c,1900,0,2968,17,77
udp,10.105.11.201,1900,239.255.255.250,1900,0,2764,17,77
udp,fe80::8db8:8ebc:e236:794f,59169,ff02::1:3,5355,0,196,17,416
udp,10.105.11.201,59169,224.0.0.252,5355,0,156,17,415
udp,fe80::8db8:8ebc:e236:794f,53758,ff02::1:3,5355,0,196,17,415
udp,10.105.11.201,53758,224.0.0.252,5355,0,156,17,415
udp,fe80::8db8:8ebc:e236:794f,56847,ff02::1:3,5355,0,196,17,414
udp,10.105.11.201,56847,224.0.0.252,5355,0,156,17,414
udp,fe80::8db8:8ebc:e236:794f,63876,ff02::1:3,5355,0,196,17,414
udp,10.105.11.201,63876,224.0.0.252,5355,0,156,17,414
udp,10.105.10.112,59171,239.255.255.250,1900,0,868,17,3024
http,10.105.10.61,55405,142.250.74.106,443,3413,3105,17,1147
http,13.107.49.254,443,10.105.10.61,52550,0,60,6,0
http,13.107.42.254,443,10.105.10.61,52543,0,60,6,0
http,10.105.10.61,54873,142.250.74.67,443,2470,1679,17,47
http,10.105.10.61,61979,216.58.207.202,443,5404,5649,17,4250
udp,10.105.10.104,59643,239.255.255.250,1900,0,868,17,3040
http,13.107.18.254,443,10.105.10.61,52553,0,60,6,0
http,10.105.10.61,60153,8.8.4.4,443,14361,7538,17,38937
http,10.105.10.61,62724,172.217.21.163,443,3154,2461,17,64
http,10.105.10.61,59151,142.250.74.74,443,3785,3654,17,281
http,13.107.136.254,443,10.105.10.61,52544,0,60,6,0
http,10.105.10.61,65232,142.250.74.36,443,93946,16459,17,38181
http,20.141.10.208,443,10.105.10.61,52545,0,60,6,0
udp,10.105.10.109,54358,239.255.255.250,1900,0,868,17,3017
http,204.79.197.222,443,10.105.10.61,52547,0,60,6,0
http,10.105.10.61,53375,142.250.74.174,443,14247,3965,17,120
http,204.79.197.200,443,10.105.10.61,52548,0,60,6,0
udp,fe80::8db8:8ebc:e236:794f,51157,ff02::1:3,5355,0,196,17,417
udp,10.105.11.201,51157,224.0.0.252,5355,0,156,17,416
udp,fe80::8db8:8ebc:e236:794f,53796,ff02::1:3,5355,0,196,17,416
udp,10.105.11.201,53796,224.0.0.252,5355,0,156,17,416
udp,fe80::8db8:8ebc:e236:794f,50595,ff02::1:3,5355,0,196,17,415
udp,10.105.11.201,50595,224.0.0.252,5355,0,156,17,415
udp,fe80::8db8:8ebc:e236:794f,58336,ff02::1:3,5355,0,196,17,415
udp,10.105.11.201,58336,224.0.0.252,5355,0,156,17,415
https_download,10.105.10.61,52567,104.77.212.186,443,367621,17931,6,134158
https_download,10.105.10.61,52568,104.95.111.75,443,38957,1797,6,180969
http,10.105.10.61,52569,95.166.124.169,443,5499,1823,6,120241
https_download,10.105.10.61,52570,2.17.0.91,443,3710738,67750,6,140033
http,10.105.10.61,52571,185.86.138.123,443,8337,2267,6,11335
udp,10.105.10.61,51910,8.8.8.8,53,201,81,17,37
udp,10.105.10.61,51910,8.8.4.4,53,201,81,17,38
udp,10.105.10.61,60175,8.8.8.8,53,280,83,17,25
http,10.105.10.61,52572,185.86.138.123,443,6236,2809,6,11147
http,10.105.10.61,52573,185.86.138.123,443,6158,2862,6,11146
http,10.105.10.61,52574,185.86.138.123,443,10232,2833,6,11149
http,10.105.10.61,52575,185.86.138.123,443,4876,1041,6,11131
http,10.105.10.61,52576,185.86.138.123,443,8919,4524,6,11143
udp,10.105.10.61,60700,8.8.8.8,53,189,84,17,25
udp,10.105.10.61,59152,8.8.8.8,53,336,160,17,1748
http,10.105.10.61,52577,2.17.0.91,443,37592,2823,6,133229
http,20.141.10.208,443,10.105.10.61,52552,0,60,6,0
http,10.105.10.61,52578,185.86.138.123,443,5156,1752,6,10178
udp,10.105.10.61,62287,8.8.8.8,53,225,77,17,68
udp,10.105.10.61,62287,8.8.4.4,53,225,77,17,101
udp,10.105.10.61,53813,8.8.8.8,53,196,77,17,35
http,10.105.10.61,52579,95.166.121.26,443,72305,2257,6,20066
http,10.105.10.61,52580,15.188.95.229,443,5458,2552,6,30120
udp,fe80::8db8:8ebc:e236:794f,62181,ff02::1:3,5355,0,196,17,414
udp,10.105.11.201,62181,224.0.0.252,5355,0,156,17,414
udp,fe80::8db8:8ebc:e236:794f,57437,ff02::1:3,5355,0,196,17,414
udp,10.105.11.201,57437,224.0.0.252,5355,0,156,17,414
https_download,10.105.10.61,52581,95.166.125.50,443,1787490,46986,6,161864
udp,fe80::8db8:8ebc:e236:794f,56910,ff02::1:3,5355,0,196,17,416
udp,10.105.11.201,56910,224.0.0.252,5355,0,156,17,416
udp,fe80::8db8:8ebc:e236:794f,63322,ff02::1:3,5355,0,196,17,415
udp,10.105.11.201,63322,224.0.0.252,5355,0,156,17,415
http,10.105.10.61,52582,103.62.50.208,443,0,132,6,1012
udp,10.105.10.79,60541,239.255.255.250,1900,0,868,17,3017
udp,10.105.10.102,61912,239.255.255.250,1900,0,868,17,3029
udp,10.105.10.144,55669,239.255.255.250,1900,0,868,17,3020
udp,10.105.10.113,56092,239.255.255.250,1900,0,868,17,3020
http,10.105.10.61,52583,103.62.50.208,443,0,132,6,1015
http,10.105.10.61,52584,95.166.125.50,443,1882,1464,6,31
udp,10.105.10.111,59561,239.255.255.250,1900,0,868,17,3023
udp,10.105.10.61,60662,10.105.11.255,1947,0,82,17,0
http,10.105.10.61,52585,103.62.50.208,443,0,132,6,1010
udp,fe80::8db8:8ebc:e236:794f,60575,ff02::1:3,5355,0,196,17,419
udp,10.105.11.201,60575,224.0.0.252,5355,0,156,17,419
udp,fe80::8db8:8ebc:e236:794f,58671,ff02::1:3,5355,0,196,17,419
udp,10.105.11.201,58671,224.0.0.252,5355,0,156,17,419
udp,fe80::8db8:8ebc:e236:794f,64418,ff02::1:3,5355,0,196,17,416
udp,10.105.11.201,64418,224.0.0.252,5355,0,156,17,416
udp,fe80::8db8:8ebc:e236:794f,49823,ff02::1:3,5355,0,196,17,415
udp,10.105.11.201,49823,224.0.0.252,5355,0,156,17,415
http,10.105.10.61,52586,20.50.201.200,443,7488,1175,6,123410
http,10.105.10.61,52587,20.50.201.200,443,8036,2427,6,125918
http,10.105.10.61,52588,20.50.201.200,443,7537,2356,6,125935
http,10.105.10.61,52589,20.50.201.200,443,8096,2416,6,127366
http,10.105.10.61,52590,20.50.201.200,443,8096,2375,6,125012
http,10.105.10.61,52591,20.50.201.200,443,7776,2122,6,127690
udp,10.105.11.201,50625,224.0.0.252,5355,0,156,17,415
udp,10.105.11.201,60959,224.0.0.252,5355,0,156,17,415
udp,fe80::8db8:8ebc:e236:794f,50625,ff02::1:3,5355,0,196,17,404
udp,fe80::8db8:8ebc:e236:794f,60959,ff02::1:3,5355,0,98,17,0
udp,fe80::8db8:8ebc:e236:794f,64552,ff02::1:3,5355,0,196,17,418
udp,10.105.11.201,64552,224.0.0.252,5355,0,156,17,418
udp,fe80::8db8:8ebc:e236:794f,62094,ff02::1:3,5355,0,196,17,418
udp,10.105.11.201,62094,224.0.0.252,5355,0,156,17,418
udp,fe80::3d6f:f181:148c:5127,546,ff02::1:2,547,0,1099,17,63051
udp,fe80::a861:4965:d154:9a39,53351,ff02::1:3,5355,0,176,17,420
udp,10.105.10.55,53351,224.0.0.252,5355,0,136,17,420
udp,fe80::a861:4965:d154:9a39,59881,ff02::1:3,5355,0,176,17,419
udp,10.105.10.55,59881,224.0.0.252,5355,0,136,17,419
udp,fe80::a861:4965:d154:9a39,53446,ff02::1:3,5355,0,176,17,420
udp,10.105.10.55,53446,224.0.0.252,5355,0,136,17,420
udp,fe80::a861:4965:d154:9a39,60880,ff02::1:3,5355,0,176,17,419
udp,10.105.10.55,60880,224.0.0.252,5355,0,136,17,419
tcp,10.105.10.61,52592,10.111.11.33,7680,0,330,6,15029
udp,fe80::8db8:8ebc:e236:794f,58381,ff02::1:3,5355,0,196,17,420
udp,10.105.11.201,58381,224.0.0.252,5355,0,156,17,420
udp,fe80::8db8:8ebc:e236:794f,59172,ff02::1:3,5355,0,196,17,420
udp,10.105.11.201,59172,224.0.0.252,5355,0,156,17,420
icmp,10.105.10.3,0,10.105.10.61,0,0,560,1,167175
udp,10.105.10.112,49240,239.255.255.250,1900,0,868,17,3021
udp,fe80::8db8:8ebc:e236:794f,57016,ff02::1:3,5355,0,196,17,419
udp,10.105.11.201,57016,224.0.0.252,5355,0,156,17,420
udp,fe80::8db8:8ebc:e236:794f,54534,ff02::1:3,5355,0,196,17,419
udp,10.105.11.201,54534,224.0.0.252,5355,0,156,17,419
udp,10.105.10.69,51098,239.255.255.250,1900,0,868,17,3025
udp,fe80::a861:4965:d154:9a39,64154,ff02::1:3,5355,0,176,17,421
udp,10.105.10.55,64154,224.0.0.252,5355,0,136,17,421
udp,fe80::a861:4965:d154:9a39,49368,ff02::1:3,5355,0,176,17,420
udp,10.105.10.55,49368,224.0.0.252,5355,0,136,17,420
udp,10.105.10.85,62315,239.255.255.250,1900,0,868,17,3017
udp,10.105.10.104,59644,239.255.255.250,1900,0,864,17,3028
http,10.105.10.61,56336,209.85.233.154,443,3243,3101,17,4258
http,10.105.10.61,52593,2.17.0.91,443,117436,3891,6,124359
udp,fe80::8db8:8ebc:e236:794f,57528,ff02::1:3,5355,0,196,17,415
udp,10.105.11.201,57528,224.0.0.252,5355,0,156,17,415
udp,fe80::8db8:8ebc:e236:794f,54655,ff02::1:3,5355,0,196,17,415
udp,10.105.11.201,54655,224.0.0.252,5355,0,156,17,415
udp,10.105.10.60,50796,239.255.255.250,1900,0,868,17,3024
udp,fe80::8db8:8ebc:e236:794f,55614,ff02::1:3,5355,0,196,17,416
udp,10.105.11.201,55614,224.0.0.252,5355,0,156,17,416
udp,fe80::8db8:8ebc:e236:794f,65077,ff02::1:3,5355,0,196,17,415
udp,10.105.11.201,65077,224.0.0.252,5355,0,156,17,415
udp,fe80::a861:4965:d154:9a39,53075,ff02::1:3,5355,0,176,17,420
udp,10.105.10.55,53075,224.0.0.252,5355,0,136,17,420
udp,fe80::a861:4965:d154:9a39,63666,ff02::1:3,5355,0,176,17,419
udp,10.105.10.55,63666,224.0.0.252,5355,0,136,17,419
udp,fe80::9e93:4eff:fef1:29e4,546,ff02::1:2,547,0,100,17,0
tcp,10.105.10.61,52541,23.52.27.27,80,60,108,6,16
udp,fe80::a861:4965:d154:9a39,49740,ff02::1:3,5355,0,176,17,420
udp,10.105.10.55,49740,224.0.0.252,5355,0,136,17,420
udp,fe80::a861:4965:d154:9a39,61437,ff02::1:3,5355,0,176,17,420
udp,10.105.10.55,61437,224.0.0.252,5355,0,136,17,420
udp,fe80::a861:4965:d154:9a39,51275,ff02::1:3,5355,0,176,17,420
udp,10.105.10.55,51275,224.0.0.252,5355,0,136,17,420
udp,fe80::a861:4965:d154:9a39,56011,ff02::1:3,5355,0,176,17,419
udp,10.105.10.55,56011,224.0.0.252,5355,0,136,17,419
udp,fe80::8db8:8ebc:e236:794f,61505,ff02::1:3,5355,0,196,17,415
udp,10.105.11.201,61505,224.0.0.252,5355,0,156,17,407
udp,fe80::8db8:8ebc:e236:794f,63048,ff02::1:3,5355,0,196,17,407
udp,10.105.11.201,63048,224.0.0.252,5355,0,156,17,407
udp,fe80::8db8:8ebc:e236:794f,59329,ff02::1:3,5355,0,196,17,414
udp,10.105.11.201,59329,224.0.0.252,5355,0,156,17,414
udp,fe80::8db8:8ebc:e236:794f,63704,ff02::1:3,5355,0,196,17,414
udp,10.105.11.201,63704,224.0.0.252,5355,0,156,17,414
udp,10.105.10.61,63705,8.8.8.8,53,130,85,17,25
http,10.105.10.61,59150,142.250.74.46,443,3670,3934,17,100
http,10.105.10.61,49682,142.250.74.98,443,3076,3375,17,56
http,10.105.10.61,52594,88.198.248.254,443,1200986463,15428662,6,151844
udp,fe80::8db8:8ebc:e236:794f,64293,ff02::1:3,5355,0,196,17,416
udp,10.105.11.201,64293,224.0.0.252,5355,0,156,17,416
udp,fe80::8db8:8ebc:e236:794f,54955,ff02::1:3,5355,0,196,17,416
udp,10.105.11.201,54955,224.0.0.252,5355,0,156,17,416
udp,10.105.10.58,58902,10.105.11.255,1947,0,82,17,0
udp,fe80::8db8:8ebc:e236:794f,61539,ff02::1:3,5355,0,196,17,415
udp,10.105.11.201,61539,224.0.0.252,5355,0,156,17,415
udp,fe80::8db8:8ebc:e236:794f,52944,ff02::1:3,5355,0,196,17,415
udp,10.105.11.201,52944,224.0.0.252,5355,0,156,17,415
udp,fe80::f91f:fb64:7761:514b,59931,ff02::c,3702,0,5026,17,7078
udp,10.105.10.126,59930,239.255.255.250,3702,0,4886,17,7528
tcp,10.108.11.201,61798,10.105.10.95,7680,0,330,6,15045
udp,10.105.10.110,61231,239.255.255.250,1900,0,868,17,3043
udp,fe80::8db8:8ebc:e236:794f,54206,ff02::1:3,5355,0,196,17,416
udp,10.105.11.201,54206,224.0.0.252,5355,0,156,17,416
udp,10.105.11.201,60081,224.0.0.252,5355,0,156,17,415
udp,fe80::8db8:8ebc:e236:794f,60081,ff02::1:3,5355,0,196,17,415
udp,fe80::8db8:8ebc:e236:794f,62545,ff02::1:3,5355,0,196,17,415
udp,10.105.11.201,62545,224.0.0.252,5355,0,156,17,415
udp,fe80::8db8:8ebc:e236:794f,54091,ff02::1:3,5355,0,196,17,415
udp,10.105.11.201,54091,224.0.0.252,5355,0,156,17,415
udp,10.105.10.107,58438,239.255.255.250,1900,0,868,17,3006
udp,10.105.10.61,59303,10.105.11.255,1947,0,82,17,0
http,52.114.74.223,443,10.105.10.67,61372,0,582,6,7675
udp,10.105.10.109,63820,239.255.255.250,1900,0,868,17,3028
udp,10.105.11.201,63964,224.0.0.252,5355,0,156,17,418
udp,fe80::8db8:8ebc:e236:794f,63964,ff02::1:3,5355,0,196,17,419
udp,fe80::8db8:8ebc:e236:794f,63510,ff02::1:3,5355,0,196,17,419
udp,10.105.11.201,63510,224.0.0.252,5355,0,156,17,418
udp,fe80::8db8:8ebc:e236:794f,54680,ff02::1:3,5355,0,196,17,420
udp,10.105.11.201,54680,224.0.0.252,5355,0,156,17,420
udp,fe80::8db8:8ebc:e236:794f,57510,ff02::1:3,5355,0,196,17,419
udp,10.105.11.201,57510,224.0.0.252,5355,0,156,17,419
udp,10.105.10.111,51577,239.255.255.250,1900,0,868,17,3019
udp,fe80::8db8:8ebc:e236:794f,59738,ff02::1:3,5355,0,196,17,415
udp,10.105.11.201,59738,224.0.0.252,5355,0,156,17,415
udp,fe80::8db8:8ebc:e236:794f,50693,ff02::1:3,5355,0,196,17,415
udp,10.105.11.201,50693,224.0.0.252,5355,0,156,17,415
udp,fe80::8db8:8ebc:e236:794f,60669,ff02::1:3,5355,0,196,17,414
udp,10.105.11.201,60669,224.0.0.252,5355,0,156,17,414
udp,fe80::8db8:8ebc:e236:794f,57001,ff02::1:3,5355,0,196,17,414
udp,10.105.11.201,57001,224.0.0.252,5355,0,156,17,414
udp,10.105.10.94,64465,239.255.255.250,1900,0,868,17,3034
udp,10.105.10.101,53588,239.255.255.250,1900,0,868,17,3005
udp,fe80::8db8:8ebc:e236:794f,57809,ff02::1:3,5355,0,196,17,416
udp,10.105.11.201,57809,224.0.0.252,5355,0,156,17,416
udp,fe80::8db8:8ebc:e236:794f,56978,ff02::1:3,5355,0,196,17,416
udp,10.105.11.201,56978,224.0.0.252,5355,0,156,17,416
udp,10.105.10.68,51613,239.255.255.250,1900,0,868,17,3021
udp,10.105.11.201,59844,224.0.0.252,5355,0,156,17,415
udp,fe80::8db8:8ebc:e236:794f,59844,ff02::1:3,5355,0,196,17,416
udp,10.105.11.201,49696,224.0.0.252,5355,0,156,17,415
udp,fe80::8db8:8ebc:e236:794f,49696,ff02::1:3,5355,0,196,17,416
udp,10.105.10.107,58441,239.255.255.250,1900,0,868,17,3018
tcp,10.105.10.61,52595,10.106.10.111,7680,0,330,6,15026
udp,10.105.10.113,61700,239.255.255.250,1900,0,868,17,3011
udp,fe80::8db8:8ebc:e236:794f,51333,ff02::1:3,5355,0,196,17,419
udp,10.105.11.201,51333,224.0.0.252,5355,0,156,17,419
udp,10.105.11.201,62810,224.0.0.252,5355,0,156,17,419
udp,fe80::8db8:8ebc:e236:794f,62810,ff02::1:3,5355,0,196,17,419
udp,10.105.11.201,50746,224.0.0.252,5355,0,156,17,416
udp,10.105.11.201,51891,224.0.0.252,5355,0,156,17,415
udp,fe80::8db8:8ebc:e236:794f,50746,ff02::1:3,5355,0,196,17,415
udp,fe80::8db8:8ebc:e236:794f,51891,ff02::1:3,5355,0,196,17,415
udp,10.105.10.89,54829,239.255.255.250,1900,0,868,17,3009
udp,10.105.10.64,5353,224.0.0.251,5353,0,474,17,93745
udp,10.105.10.64,137,10.105.11.255,137,0,276,17,1553
udp,fe80::b487:345d:e81a:734f,5353,ff02::fb,5353,0,594,17,93746
udp,fe80::b487:345d:e81a:734f,55308,ff02::1:3,5355,0,180,17,422
udp,10.105.10.64,55308,224.0.0.252,5355,0,140,17,422
udp,fe80::b487:345d:e81a:734f,54701,ff02::1:3,5355,0,180,17,421
udp,10.105.10.64,54701,224.0.0.252,5355,0,140,17,421
udp,fe80::8db8:8ebc:e236:794f,51656,ff02::1:3,5355,0,196,17,418
udp,10.105.11.201,51656,224.0.0.252,5355,0,156,17,417
udp,fe80::8db8:8ebc:e236:794f,63088,ff02::1:3,5355,0,196,17,417
udp,10.105.11.201,63088,224.0.0.252,5355,0,156,17,417
udp,fe80::8db8:8ebc:e236:794f,50138,ff02::1:3,5355,0,196,17,416
udp,10.105.11.201,50138,224.0.0.252,5355,0,156,17,416
udp,10.105.11.201,59128,224.0.0.252,5355,0,156,17,415
udp,fe80::8db8:8ebc:e236:794f,59128,ff02::1:3,5355,0,196,17,415
udp,10.105.10.82,59116,239.255.255.250,1900,0,844,17,3013
http,10.105.10.61,52596,103.62.50.208,443,0,132,6,1013
udp,10.105.10.105,55075,239.255.255.250,1900,0,864,17,3044
udp,10.105.10.82,60349,239.255.255.250,1900,0,334,17,119999
http,10.105.10.61,52597,103.62.50.208,443,0,132,6,1012
http,10.105.10.61,49884,8.8.4.4,443,12711,7743,17,31662
http,10.105.10.61,52598,199.232.42.217,443,109278,2705,6,90117
udp,10.105.10.61,49201,8.8.8.8,53,167,73,17,27
udp,10.105.10.61,54098,8.8.8.8,53,165,71,17,25
udp,10.105.10.61,55124,8.8.8.8,53,170,76,17,144
udp,10.105.10.61,51720,8.8.8.8,53,169,75,17,28
udp,10.105.10.61,55124,8.8.4.4,53,170,76,17,26
https_download,10.105.10.61,52599,151.101.246.217,443,86357,5267,6,100486
http,10.105.10.61,52600,8.247.254.122,443,14282,3321,6,90467
http,10.105.10.61,52601,8.241.111.122,443,52751,2309,6,90156
http,10.105.10.61,52602,8.249.144.22,443,416124,9391,6,93071
http,10.105.10.61,52603,8.241.111.122,443,6525,2429,6,90468
udp,10.105.10.61,51819,8.8.8.8,53,179,79,17,34
http,10.105.10.61,52604,13.33.141.106,443,8629,1420,6,90203
udp,10.105.10.61,49203,8.8.8.8,53,109,77,17,38
http,10.105.10.61,52605,104.77.212.87,443,6852,1733,6,90076
http,10.105.10.61,52606,104.16.148.64,443,58469,2286,6,90096
udp,fe80::8db8:8ebc:e236:794f,59210,ff02::1:3,5355,0,196,17,420
udp,10.105.11.201,59210,224.0.0.252,5355,0,156,17,419
udp,10.105.11.201,60541,224.0.0.252,5355,0,156,17,419
udp,fe80::8db8:8ebc:e236:794f,60541,ff02::1:3,5355,0,196,17,419
udp,10.105.11.201,52234,224.0.0.252,5355,0,156,17,420
udp,10.105.11.201,53703,224.0.0.252,5355,0,156,17,419
udp,fe80::8db8:8ebc:e236:794f,52234,ff02::1:3,5355,0,196,17,419
udp,fe80::8db8:8ebc:e236:794f,53703,ff02::1:3,5355,0,196,17,419
http,10.105.10.61,61649,209.85.233.154,443,3507,3662,17,14406
https_download,10.105.10.61,52607,8.241.110.250,443,137570,3832,6,91535
http,10.105.10.61,52608,103.62.50.208,443,0,132,6,1008
udp,10.105.10.110,51526,239.255.255.250,1900,0,868,17,3012
udp,10.105.10.61,50308,10.105.11.255,1947,0,82,17,0
udp,10.105.11.201,51366,224.0.0.252,5355,0,156,17,415
udp,10.105.11.201,61382,224.0.0.252,5355,0,156,17,414
udp,fe80::8db8:8ebc:e236:794f,51366,ff02::1:3,5355,0,196,17,417
udp,fe80::8db8:8ebc:e236:794f,61382,ff02::1:3,5355,0,196,17,417
udp,10.105.10.114,64618,239.255.255.250,1900,0,868,17,3027
udp,fe80::8db8:8ebc:e236:794f,49264,ff02::1:3,5355,0,196,17,416
udp,10.105.11.201,49264,224.0.0.252,5355,0,156,17,416
udp,10.105.11.201,60424,224.0.0.252,5355,0,156,17,416
udp,fe80::8db8:8ebc:e236:794f,60424,ff02::1:3,5355,0,196,17,416
udp,10.105.10.52,60865,239.255.255.250,1900,0,864,17,3016
udp,10.105.10.106,50318,239.255.255.250,1900,0,868,17,3016
udp,10.105.10.77,55743,239.255.255.250,1900,0,868,17,3016
udp,fe80::8db8:8ebc:e236:794f,55091,ff02::1:3,5355,0,196,17,406
udp,10.105.11.201,55091,224.0.0.252,5355,0,156,17,406
udp,fe80::8db8:8ebc:e236:794f,62426,ff02::1:3,5355,0,196,17,406
udp,10.105.11.201,62426,224.0.0.252,5355,0,156,17,406
udp,fe80::8db8:8ebc:e236:794f,60662,ff02::1:3,5355,0,196,17,415
udp,10.105.11.201,60662,224.0.0.252,5355,0,156,17,415
udp,10.105.11.201,61343,224.0.0.252,5355,0,156,17,415
udp,fe80::8db8:8ebc:e236:794f,61343,ff02::1:3,5355,0,196,17,415
http,10.105.10.61,50836,8.8.4.4,443,3462,2123,17,95
udp,10.105.10.61,52945,8.8.8.8,53,153,78,17,35
http,10.105.10.61,52609,13.69.68.64,443,7874,1912,6,90260
icmp,fe80::ddc8:5cac:7e48:f06,0,ff02::2,0,0,202,58,2006
icmp,fe80::ddc8:5cac:7e48:f06,0,ff02::16,0,0,360,58,1502
icmp,::,0,ff02::1:ff48:f06,0,0,78,58,0
icmp_c2,0.0.0.0,0,1.1.1.1,0,29095,16992,1,105311
icmp_c2,0.0.0.0,0,1.1.1.1,0,20059,22047,1,98212
icmp_c2,0.0.0.0,0,1.1.1.1,0,26129,16280,1,56957
icmp_c2,0.0.0.0,0,1.1.1.1,0,32210,15041,1,154833
icmp_c2,0.0.0.0,0,1.1.1.1,0,35621,15074,1,209899
icmp_c2,0.0.0.0,0,1.1.1.1,0,27625,16740,1,67631
icmp_c2,0.0.0.0,0,1.1.1.1,0,30861,15012,1,130720
icmp_c2,0.0.0.0,0,1.1.1.1,0,35717,21984,1,140759
icmp_c2,0.0.0.0,0,1.1.1.1,0,35777,18172,1,181548
icmp_c2,0.0.0.0,0,1.1.1.1,0,24917,26368,1,131031
udp,fe80::8db8:8ebc:e236:794f,49396,ff02::1:3,5355,0,196,17,420
udp,10.105.11.201,49396,224.0.0.252,5355,0,156,17,420
udp,fe80::8db8:8ebc:e236:794f,55222,ff02::1:3,5355,0,196,17,420
udp,10.105.11.201,55222,224.0.0.252,5355,0,156,17,420
udp,fe80::ddc8:5cac:7e48:f06,546,ff02::1:2,547,0,1038,17,62024
icmp,fe80::ddc8:5cac:7e48:f06,0,ff02::1,0,0,86,58,0
udp,fe80::8db8:8ebc:e236:794f,58201,ff02::1:3,5355,0,196,17,435
udp,10.105.11.201,58201,224.0.0.252,5355,0,156,17,435
udp,10.105.11.201,61884,224.0.0.252,5355,0,156,17,434
udp,fe80::8db8:8ebc:e236:794f,61884,ff02::1:3,5355,0,196,17,434
udp,10.105.10.63,52114,239.255.255.250,1900,0,868,17,3023
udp,10.105.10.61,56350,8.8.8.8,53,224,92,17,46
udp,10.105.10.61,56350,8.8.4.4,53,212,92,17,43
http,10.105.10.61,52610,104.46.162.224,443,6028,2561,6,1419
udp,10.105.10.104,138,10.105.11.255,138,0,243,17,0
udp,0.0.0.0,68,255.255.255.255,67,0,377,17,0
udp,10.105.10.120,64364,239.255.255.250,1900,0,868,17,3018
udp,fe80::a861:4965:d154:9a39,56049,ff02::1:3,5355,0,176,17,419
udp,10.105.10.55,56049,224.0.0.252,5355,0,136,17,419
udp,fe80::a861:4965:d154:9a39,58641,ff02::1:3,5355,0,176,17,418
udp,10.105.10.55,58641,224.0.0.252,5355,0,136,17,418
udp,10.105.10.75,50970,239.255.255.250,1900,0,868,17,3012
udp,10.105.10.55,55042,224.0.0.252,5355,0,136,17,420
udp,fe80::a861:4965:d154:9a39,55042,ff02::1:3,5355,0,176,17,419
udp,10.105.10.55,63057,224.0.0.252,5355,0,136,17,419
udp,fe80::a861:4965:d154:9a39,63057,ff02::1:3,5355,0,176,17,418
udp,10.105.11.201,54134,224.0.0.252,5355,0,156,17,415
udp,fe80::8db8:8ebc:e236:794f,54134,ff02::1:3,5355,0,196,17,415
udp,10.105.11.201,60866,224.0.0.252,5355,0,156,17,414
udp,fe80::8db8:8ebc:e236:794f,60866,ff02::1:3,5355,0,196,17,414
udp,10.105.10.55,54526,224.0.0.252,5355,0,136,17,420
udp,fe80::a861:4965:d154:9a39,54526,ff02::1:3,5355,0,176,17,419
udp,10.105.10.55,62747,224.0.0.252,5355,0,136,17,419
udp,fe80::a861:4965:d154:9a39,62747,ff02::1:3,5355,0,176,17,418
udp,10.105.11.201,52427,224.0.0.252,5355,0,156,17,415
udp,fe80::8db8:8ebc:e236:794f,52427,ff02::1:3,5355,0,196,17,416
udp,10.105.11.201,53686,224.0.0.252,5355,0,156,17,415
udp,fe80::8db8:8ebc:e236:794f,53686,ff02::1:3,5355,0,196,17,415
udp,10.105.10.83,58551,239.255.255.250,1900,0,868,17,3022
tcp,10.105.10.61,52611,10.110.10.105,7680,0,330,6,15023
udp,10.105.10.61,53737,8.8.8.8,53,145,81,17,70
udp,10.105.10.61,53737,8.8.4.4,53,145,81,17,58
udp,10.105.10.61,59150,8.8.8.8,53,219,147,17,84065
udp,10.105.10.61,59150,8.8.4.4,53,137,81,17,84
http,10.105.10.61,50868,185.125.190.17,443,11999,1536,6,266
udp,fe80::8db8:8ebc:e236:794f,64872,ff02::1:3,5355,0,196,17,419
udp,10.105.11.201,64872,224.0.0.252,5355,0,156,17,419
udp,fe80::8db8:8ebc:e236:794f,64334,ff02::1:3,5355,0,196,17,419
udp,10.105.11.201,64334,224.0.0.252,5355,0,156,17,419
https_upload,0.0.0.0,0,1.1.1.1,0,310479,44708512,17,47490
https_upload,0.0.0.0,0,1.1.1.1,0,309046,39623391,17,35662
https_upload,0.0.0.0,0,1.1.1.1,0,308415,43274172,17,42184
https_upload,0.0.0.0,0,1.1.1.1,0,311533,47678312,17,32266
https_upload,0.0.0.0,0,1.1.1.1,0,300526,43825009,17,38768
https_upload,0.0.0.0,0,1.1.1.1,0,302325,48916807,17,34277
https_upload,0.0.0.0,0,1.1.1.1,0,320325,48503851,17,45298
https_upload,0.0.0.0,0,1.1.1.1,0,306590,45544548,17,42366
https_upload,0.0.0.0,0,1.1.1.1,0,306961,42769197,17,39670
https_upload,0.0.0.0,0,1.1.1.1,0,321193,48204709,17,31482
udp,fe80::a861:4965:d154:9a39,50189,ff02::1:3,5355,0,176,17,420
udp,10.105.10.55,50189,224.0.0.252,5355,0,136,17,420
udp,fe80::a861:4965:d154:9a39,56774,ff02::1:3,5355,0,176,17,419
udp,10.105.10.55,56774,224.0.0.252,5355,0,136,17,419
udp,10.105.10.81,64390,239.255.255.250,1900,0,864,17,3024
udp,fe80::8db8:8ebc:e236:794f,60639,ff02::1:3,5355,0,196,17,415
udp,10.105.11.201,60639,224.0.0.252,5355,0,156,17,415
udp,10.105.11.201,57087,224.0.0.252,5355,0,156,17,415
udp,fe80::8db8:8ebc:e236:794f,57087,ff02::1:3,5355,0,196,17,415
udp,10.105.10.31,427,239.255.255.253,427,0,392,17,13999
udp,10.105.10.126,54003,239.255.255.250,1900,0,864,17,3031
http,10.105.10.61,52612,13.33.124.67,443,1578,1576,6,90229
udp,10.105.10.55,63695,224.0.0.252,5355,0,136,17,420
udp,fe80::a861:4965:d154:9a39,63695,ff02::1:3,5355,0,176,17,420
udp,10.105.10.55,61222,224.0.0.252,5355,0,136,17,420
udp,fe80::a861:4965:d154:9a39,61222,ff02::1:3,5355,0,176,17,419
http,10.105.10.61,52613,204.79.197.200,443,8274,1286,6,133
http,10.105.10.61,52614,204.79.197.200,443,15723,7604,6,5912
http,10.105.10.61,52615,52.98.151.82,443,6314,2251,6,282
http,10.105.10.61,52616,204.79.197.200,443,8274,1086,6,109
http,10.105.10.61,52617,204.79.197.200,443,8274,1086,6,108
http,10.105.10.61,52618,204.79.197.200,443,8214,1140,6,106
udp,10.105.10.82,51837,239.255.255.250,1900,0,868,17,3022
http,10.105.10.61,52619,52.204.108.254,443,7097,1892,6,60507
udp,fe80::a861:4965:d154:9a39,64435,ff02::1:3,5355,0,176,17,422
udp,10.105.10.55,64435,224.0.0.252,5355,0,136,17,422
udp,10.105.10.55,61257,224.0.0.252,5355,0,136,17,421
udp,fe80::a861:4965:d154:9a39,61257,ff02::1:3,5355,0,176,17,421
udp,10.105.10.61,52364,8.8.8.8,53,269,92,17,65
udp,10.105.10.61,52364,8.8.4.4,53,269,92,17,67
udp,10.105.10.61,55662,8.8.8.8,53,97,81,17,69
http,10.105.10.61,52620,13.107.246.54,443,8684,1757,6,571
udp,10.105.10.61,55662,8.8.4.4,53,97,81,17,40
http,10.105.10.61,52621,137.254.60.34,443,4782,1431,6,851
udp,10.105.10.61,60504,8.8.8.8,53,264,80,17,60
udp,10.105.10.61,60504,8.8.4.4,53,264,80,17,48
http,10.105.10.61,52622,13.107.246.54,443,2075,1775,6,60
udp,10.105.10.61,53168,8.8.8.8,53,162,87,17,32
http,10.105.10.61,52623,152.199.19.161,443,9803,1947,6,61908
http,10.105.10.61,52624,204.79.197.222,443,7790,2277,6,70
udp,fe80::8db8:8ebc:e236:794f,60537,ff02::1:3,5355,0,196,17,416
udp,10.105.11.201,60537,224.0.0.252,5355,0,156,17,416
udp,fe80::8db8:8ebc:e236:794f,54222,ff02::1:3,5355,0,196,17,408
udp,10.105.11.201,54222,224.0.0.252,5355,0,156,17,409
udp,fe80::8db8:8ebc:e236:794f,65269,ff02::1:3,5355,0,196,17,415
udp,10.105.11.201,65269,224.0.0.252,5355,0,156,17,415
udp,10.105.11.201,58478,224.0.0.252,5355,0,156,17,414
udp,fe80::8db8:8ebc:e236:794f,58478,ff02::1:3,5355,0,196,17,414
udp,10.105.10.112,56977,239.255.255.250,1900,0,868,17,3024
udp,10.105.10.61,53170,10.105.11.255,1947,0,82,17,0
udp,fe80::8db8:8ebc:e236:794f,63451,ff02::1:3,5355,0,196,17,416
udp,10.105.11.201,63451,224.0.0.252,5355,0,156,17,415
udp,10.105.11.201,56375,224.0.0.252,5355,0,156,17,415
udp,fe80::8db8:8ebc:e236:794f,56375,ff02::1:3,5355,0,196,17,415
udp,fe80::8db8:8ebc:e236:794f,64433,ff02::1:3,5355,0,196,17,415
udp,10.105.11.201,64433,224.0.0.252,5355,0,156,17,416
udp,10.105.11.201,57530,224.0.0.252,5355,0,156,17,415
udp,fe80::8db8:8ebc:e236:794f,57530,ff02::1:3,5355,0,196,17,414
udp,10.105.10.104,64867,239.255.255.250,1900,0,868,17,3036
udp,fe80::a861:4965:d154:9a39,58845,ff02::1:3,5355,0,176,17,419
udp,10.105.10.55,58845,224.0.0.252,5355,0,136,17,419
udp,fe80::a861:4965:d154:9a39,55892,ff02::1:3,5355,0,176,17,419
udp,10.105.10.55,55892,224.0.0.252,5355,0,136,17,418
udp,10.105.10.109,58525,239.255.255.250,1900,0,868,17,3004
udp,fe80::a861:4965:d154:9a39,59700,ff02::1:3,5355,0,176,17,420
udp,10.105.10.55,59700,224.0.0.252,5355,0,136,17,420
udp,fe80::a861:4965:d154:9a39,64711,ff02::1:3,5355,0,176,17,419
udp,10.105.10.55,64711,224.0.0.252,5355,0,136,17,420
udp,fe80::a861:4965:d154:9a39,50084,ff02::1:3,5355,0,176,17,420
udp,10.105.10.55,50084,224.0.0.252,5355,0,136,17,420
udp,fe80::a861:4965:d154:9a39,63210,ff02::1:3,5355,0,176,17,420
udp,10.105.10.55,63210,224.0.0.252,5355,0,136,17,420
udp,10.105.11.201,58309,224.0.0.252,5355,0,156,17,420
udp,fe80::8db8:8ebc:e236:794f,58309,ff02::1:3,5355,0,196,17,419
udp,fe80::8db8:8ebc:e236:794f,58164,ff02::1:3,5355,0,196,17,418
udp,10.105.11.201,58164,224.0.0.252,5355,0,156,17,419
udp,fe80::8db8:8ebc:e236:794f,61839,ff02::1:3,5355,0,196,17,415
udp,10.105.11.201,61839,224.0.0.252,5355,0,156,17,415
udp,fe80::8db8:8ebc:e236:794f,57074,ff02::1:3,5355,0,196,17,414
udp,10.105.11.201,57074,224.0.0.252,5355,0,156,17,414
udp,fe80::a861:4965:d154:9a39,51599,ff02::1:3,5355,0,176,17,421
udp,10.105.10.55,51599,224.0.0.252,5355,0,136,17,421
udp,fe80::a861:4965:d154:9a39,52334,ff02::1:3,5355,0,176,17,420
udp,10.105.10.55,52334,224.0.0.252,5355,0,136,17,420
udp,10.105.11.201,65121,224.0.0.252,5355,0,156,17,419
udp,fe80::8db8:8ebc:e236:794f,65121,ff02::1:3,5355,0,196,17,420
udp,fe80::8db8:8ebc:e236:794f,51257,ff02::1:3,5355,0,196,17,420
udp,10.105.11.201,51257,224.0.0.252,5355,0,156,17,419
udp,10.105.11.201,61626,224.0.0.252,5355,0,156,17,417
udp,fe80::8db8:8ebc:e236:794f,61626,ff02::1:3,5355,0,196,17,417
udp,fe80::8db8:8ebc:e236:794f,56130,ff02::1:3,5355,0,196,17,416
udp,10.105.11.201,56130,224.0.0.252,5355,0,156,17,416
udp,10.105.10.79,57963,239.255.255.250,1900,0,868,17,3013
udp,fe80::a861:4965:d154:9a39,65134,ff02::1:3,5355,0,176,17,420
udp,10.105.10.55,65134,224.0.0.252,5355,0,136,17,420
udp,fe80::a861:4965:d154:9a39,52395,ff02::1:3,5355,0,176,17,419
udp,10.105.10.55,52395,224.0.0.252,5355,0,136,17,419
udp,10.105.10.102,64247,239.255.255.250,1900,0,868,17,3026
udp,10.105.10.61,55481,8.8.8.8,53,104,80,17,80
udp,10.105.10.113,54451,239.255.255.250,1900,0,868,17,3018
udp,10.105.10.61,55482,8.8.8.8,53,85,69,17,113
udp,10.105.10.69,62784,239.255.255.250,1900,0,537,17,6008
udp,10.105.10.61,55483,8.8.8.8,53,97,69,17,69
udp,fe80::a861:4965:d154:9a39,53215,ff02::1:3,5355,0,176,17,420
udp,10.105.10.55,53215,224.0.0.252,5355,0,136,17,420
udp,fe80::a861:4965:d154:9a39,62869,ff02::1:3,5355,0,176,17,419
udp,10.105.10.55,62869,224.0.0.252,5355,0,136,17,420
udp,10.105.10.111,61218,239.255.255.250,1900,0,868,17,3015
udp,fe80::8db8:8ebc:e236:794f,60269,ff02::1:3,5355,0,196,17,415
udp,10.105.11.201,60269,224.0.0.252,5355,0,156,17,416
udp,fe80::8db8:8ebc:e236:794f,57626,ff02::1:3,5355,0,196,17,415
udp,10.105.11.201,57626,224.0.0.252,5355,0,156,17,416
udp,fe80::8db8:8ebc:e236:794f,49207,ff02::1:3,5355,0,196,17,445
udp,10.105.11.201,49207,224.0.0.252,5355,0,156,17,460
udp,fe80::8db8:8ebc:e236:794f,58169,ff02::1:3,5355,0,196,17,444
udp,10.105.11.201,58169,224.0.0.252,5355,0,156,17,459
udp,10.105.10.61,53446,8.8.8.8,53,104,80,17,34
udp,10.105.10.61,53447,8.8.8.8,53,81,65,17,86
udp,10.105.10.61,53448,8.8.8.8,53,121,65,17,81
udp,10.105.11.201,49549,224.0.0.252,5355,0,156,17,415
udp,10.105.11.201,60215,224.0.0.252,5355,0,156,17,415
udp,fe80::8db8:8ebc:e236:794f,49549,ff02::1:3,5355,0,196,17,416
udp,fe80::8db8:8ebc:e236:794f,60215,ff02::1:3,5355,0,196,17,416
udp,10.105.11.201,53052,224.0.0.252,5355,0,156,17,420
udp,fe80::8db8:8ebc:e236:794f,53052,ff02::1:3,5355,0,196,17,420
udp,10.105.11.201,62532,224.0.0.252,5355,0,156,17,419
udp,fe80::8db8:8ebc:e236:794f,62532,ff02::1:3,5355,0,196,17,419
udp,fe80::a861:4965:d154:9a39,64255,ff02::1:3,5355,0,176,17,420
udp,10.105.10.55,64255,224.0.0.252,5355,0,136,17,420
udp,fe80::a861:4965:d154:9a39,63109,ff02::1:3,5355,0,176,17,419
udp,10.105.10.55,63109,224.0.0.252,5355,0,136,17,419
udp,10.105.10.61,53449,8.8.8.8,53,104,80,17,58
udp,10.105.10.61,53450,8.8.8.8,53,82,66,17,118
udp,10.105.10.61,53451,8.8.8.8,53,131,66,17,74
udp,fe80::a861:4965:d154:9a39,57755,ff02::1:3,5355,0,176,17,424
udp,10.105.10.55,57755,224.0.0.252,5355,0,136,17,421
udp,fe80::a861:4965:d154:9a39,60569,ff02::1:3,5355,0,176,17,423
udp,10.105.10.55,60569,224.0.0.252,5355,0,136,17,420
http,10.105.10.61,52625,103.62.50.208,443,0,132,6,1004
udp,10.105.10.55,55047,224.0.0.252,5355,0,136,17,435
udp,10.105.10.55,63640,224.0.0.252,5355,0,136,17,433
udp,fe80::a861:4965:d154:9a39,55047,ff02::1:3,5355,0,176,17,433
udp,fe80::a861:4965:d154:9a39,63640,ff02::1:3,5355,0,176,17,432
tcp,10.105.10.61,52626,10.123.72.53,7680,0,330,6,15031
udp,10.105.10.112,62085,239.255.255.250,1900,0,868,17,3023
udp,10.105.10.61,53452,8.8.8.8,53,104,80,17,53
udp,10.105.10.61,53453,8.8.8.8,53,87,71,17,50
udp,10.105.10.61,53454,8.8.8.8,53,99,71,17,73
udp,10.105.10.69,54144,239.255.255.250,1900,0,868,17,3041
http,10.105.10.61,52627,103.62.50.208,443,0,132,6,1008
udp,10.105.11.201,60495,224.0.0.252,5355,0,156,17,418
udp,10.105.11.201,61448,224.0.0.252,5355,0,156,17,417
udp,fe80::8db8:8ebc:e236:794f,60495,ff02::1:3,5355,0,196,17,417
udp,fe80::8db8:8ebc:e236:794f,61448,ff02::1:3,5355,0,196,17,416
udp,10.105.10.85,62234,239.255.255.250,1900,0,868,17,3020
udp,10.105.11.201,55851,224.0.0.252,5355,0,156,17,415
udp,fe80::8db8:8ebc:e236:794f,55851,ff02::1:3,5355,0,196,17,415
udp,10.105.11.201,49733,224.0.0.252,5355,0,156,17,415
udp,fe80::8db8:8ebc:e236:794f,49733,ff02::1:3,5355,0,196,17,414
udp,10.105.10.104,50359,239.255.255.250,1900,0,864,17,3013
udp,10.105.10.55,61537,224.0.0.252,5355,0,136,17,432
udp,fe80::a861:4965:d154:9a39,61537,ff02::1:3,5355,0,176,17,432
udp,10.105.10.55,63377,224.0.0.252,5355,0,136,17,431
udp,fe80::a861:4965:d154:9a39,63377,ff02::1:3,5355,0,176,17,431
udp,10.105.10.60,50797,239.255.255.250,1900,0,868,17,3008
udp,10.105.10.71,61418,10.105.10.7,161,0,120,17,0
udp,fe80::8db8:8ebc:e236:794f,61833,ff02::1:3,5355,0,196,17,416
udp,10.105.11.201,61833,224.0.0.252,5355,0,156,17,416
udp,10.105.11.201,53630,224.0.0.252,5355,0,156,17,415
udp,fe80::8db8:8ebc:e236:794f,53630,ff02::1:3,5355,0,196,17,414
http,10.105.10.61,52628,103.62.50.208,443,0,132,6,1009
udp,10.105.11.201,63433,224.0.0.252,5355,0,156,17,415
udp,fe80::8db8:8ebc:e236:794f,63433,ff02::1:3,5355,0,196,17,414
udp,10.105.11.201,60928,224.0.0.252,5355,0,156,17,415
udp,fe80::8db8:8ebc:e236:794f,60928,ff02::1:3,5355,0,196,17,413
udp,fe80::a861:4965:d154:9a39,55796,ff02::1:3,5355,0,176,17,420
udp,10.105.10.55,55796,224.0.0.252,5355,0,136,17,420
udp,fe80::a861:4965:d154:9a39,58675,ff02::1:3,5355,0,176,17,419
udp,10.105.10.55,58675,224.0.0.252,5355,0,136,17,419
udp,10.105.10.61,53456,10.105.11.255,1947,0,82,17,0
udp,10.105.10.55,58418,224.0.0.252,5355,0,136,17,420
udp,fe80::a861:4965:d154:9a39,58418,ff02::1:3,5355,0,176,17,420
udp,fe80::a861:4965:d154:9a39,56591,ff02::1:3,5355,0,176,17,419
udp,10.105.10.55,56591,224.0.0.252,5355,0,136,17,419
udp,10.105.10.61,59348,8.8.8.8,53,87,71,17,66
udp,10.105.10.61,59348,8.8.4.4,53,87,71,17,83
icmp,10.105.10.61,0,142.250.74.46,0,296,296,1,3081
udp,fe80::8db8:8ebc:e236:794f,62248,ff02::1:3,5355,0,196,17,420
udp,10.105.11.201,62248,224.0.0.252,5355,0,156,17,420
udp,fe80::8db8:8ebc:e236:794f,50349,ff02::1:3,5355,0,196,17,419
udp,10.105.11.201,50349,224.0.0.252,5355,0,156,17,420
udp,fe80::8db8:8ebc:e236:794f,50204,ff02::1:3,5355,0,196,17,416
udp,10.105.11.201,50204,224.0.0.252,5355,0,156,17,416
udp,fe80::8db8:8ebc:e236:794f,54312,ff02::1:3,5355,0,196,17,415
udp,10.105.11.201,54312,224.0.0.252,5355,0,156,17,415
udp,10.105.10.64,58279,239.255.255.250,1900,0,868,17,3002
udp,fe80::5a3:c7ad:75e3:f374,546,ff02::1:2,547,0,942,17,31029
udp,10.105.11.201,52167,224.0.0.252,5355,0,156,17,419
https_download,0.0.0.0,0,1.1.1.1,0,843052,13915,6,178899
https_download,0.0.0.0,0,1.1.1.1,0,3111172,46886,6,167161
https_download,0.0.0.0,0,1.1.1.1,0,2570834,62960,6,175424
https_download,0.0.0.0,0,1.1.1.1,0,938003,26232,6,103748
https_download,0.0.0.0,0,1.1.1.1,0,827007,38840,6,164655
https_download,0.0.0.0,0,1.1.1.1,0,3646261,24826,6,162096
https_download,0.0.0.0,0,1.1.1.1,0,3430855,55298,6,121372
https_download,0.0.0.0,0,1.1.1.1,0,3304844,54098,6,168657
https_download,0.0.0.0,0,1.1.1.1,0,1933759,15065,6,147866
https_download,0.0.0.0,0,1.1.1.1,0,724356,22518,6,113581
udp,10.105.11.201,58872,224.0.0.252,5355,0,156,17,419
udp,fe80::8db8:8ebc:e236:794f,52167,ff02::1:3,5355,0,196,17,419
udp,fe80::8db8:8ebc:e236:794f,58872,ff02::1:3,5355,0,196,17,419
udp,fe80::8db8:8ebc:e236:794f,64920,ff02::1:3,5355,0,196,17,416
udp,10.105.11.201,64920,224.0.0.252,5355,0,156,17,416
udp,fe80::8db8:8ebc:e236:794f,53348,ff02::1:3,5355,0,196,17,416
udp,10.105.11.201,53348,224.0.0.252,5355,0,156,17,416
udp,10.105.10.61,53494,8.8.8.8,53,81,65,17,78
udp,10.105.10.61,53494,8.8.4.4,53,81,65,17,59
icmp,10.105.10.61,0,104.77.212.186,0,296,296,1,3044
udp,10.105.10.110,49586,239.255.255.250,1900,0,868,17,2975
udp,fe80::a861:4965:d154:9a39,63322,ff02::1:3,5355,0,176,17,419
udp,10.105.10.55,63322,224.0.0.252,5355,0,136,17,419
udp,10.105.10.55,64112,224.0.0.252,5355,0,136,17,418
udp,fe80::a861:4965:d154:9a39,64112,ff02::1:3,5355,0,176,17,418
udp,10.105.10.107,49255,239.255.255.250,1900,0,868,17,3016
udp,10.105.11.201,60620,224.0.0.252,5355,0,156,17,420
udp,fe80::8db8:8ebc:e236:794f,60620,ff02::1:3,5355,0,196,17,419
udp,fe80::8db8:8ebc:e236:794f,64380,ff02::1:3,5355,0,196,17,419
udp,10.105.11.201,64380,224.0.0.252,5355,0,156,17,419
udp,fe80::a861:4965:d154:9a39,53448,ff02::1:3,5355,0,176,17,420
udp,10.105.10.55,53448,224.0.0.252,5355,0,136,17,420
udp,fe80::a861:4965:d154:9a39,52112,ff02::1:3,5355,0,176,17,420
udp,10.105.10.55,52112,224.0.0.252,5355,0,136,17,420
udp,fe80::8db8:8ebc:e236:794f,52477,ff02::1:3,5355,0,196,17,415
udp,10.105.11.201,52477,224.0.0.252,5355,0,156,17,413
udp,10.105.11.201,54621,224.0.0.252,5355,0,156,17,413
udp,fe80::8db8:8ebc:e236:794f,54621,ff02::1:3,5355,0,196,17,413
http,10.105.10.61,61311,8.8.4.4,443,3490,2122,17,136
http,10.105.10.61,52629,104.94.106.78,443,3197,1816,6,229
udp,10.105.10.109,56545,239.255.255.250,1900,0,868,17,3029
udp,10.105.10.61,61583,8.8.8.8,53,103,71,17,30
icmp,10.105.10.61,0,104.244.42.193,0,296,296,1,3123
udp,fe80::a861:4965:d154:9a39,58579,ff02::1:3,5355,0,176,17,421
udp,10.105.10.55,58579,224.0.0.252,5355,0,136,17,421
udp,fe80::a861:4965:d154:9a39,54239,ff02::1:3,5355,0,176,17,420
udp,10.105.10.55,54239,224.0.0.252,5355,0,136,17,420
udp,10.105.11.201,55471,224.0.0.252,5355,0,156,17,419
udp,fe80::8db8:8ebc:e236:794f,55471,ff02::1:3,5355,0,196,17,419
udp,10.105.11.201,63489,224.0.0.252,5355,0,156,17,419
udp,fe80::8db8:8ebc:e236:794f,63489,ff02::1:3,5355,0,196,17,419
udp,10.105.11.201,55826,224.0.0.252,5355,0,156,17,414
udp,fe80::8db8:8ebc:e236:794f,55826,ff02::1:3,5355,0,196,17,414
udp,fe80::8db8:8ebc:e236:794f,51358,ff02::1:3,5355,0,196,17,414
udp,10.105.11.201,51358,224.0.0.252,5355,0,156,17,414
udp,10.105.10.111,59928,239.255.255.250,1900,0,868,17,3006
udp,fe80::a861:4965:d154:9a39,61639,ff02::1:3,5355,0,176,17,420
udp,10.105.10.55,61639,224.0.0.252,5355,0,136,17,420
udp,fe80::a861:4965:d154:9a39,62392,ff02::1:3,5355,0,176,17,420
udp,10.105.10.55,62392,224.0.0.252,5355,0,136,17,420
tcp,10.105.10.64,65345,10.105.10.100,7680,0,264,6,7011
udp,fe80::a861:4965:d154:9a39,51928,ff02::1:3,5355,0,176,17,420
udp,10.105.10.55,51928,224.0.0.252,5355,0,136,17,420
udp,fe80::a861:4965:d154:9a39,59607,ff02::1:3,5355,0,176,17,419
udp,10.105.10.55,59607,224.0.0.252,5355,0,136,17,419
udp,10.105.10.94,57867,239.255.255.250,1900,0,868,17,3018
udp,10.105.11.201,64937,224.0.0.252,5355,0,156,17,415
udp,10.105.11.201,62726,224.0.0.252,5355,0,156,17,415
udp,fe80::8db8:8ebc:e236:794f,64937,ff02::1:3,5355,0,196,17,415
udp,fe80::8db8:8ebc:e236:794f,62726,ff02::1:3,5355,0,196,17,415
udp,fe80::8db8:8ebc:e236:794f,60840,ff02::1:3,5355,0,196,17,419
udp,10.105.11.201,60840,224.0.0.252,5355,0,156,17,419
udp,fe80::8db8:8ebc:e236:794f,50293,ff02::1:3,5355,0,196,17,419
udp,10.105.11.201,50293,224.0.0.252,5355,0,156,17,420
udp,fe80::a861:4965:d154:9a39,62464,ff02::1:3,5355,0,176,17,420
udp,10.105.10.55,62464,224.0.0.252,5355,0,136,17,420
udp,fe80::a861:4965:d154:9a39,65119,ff02::1:3,5355,0,176,17,419
udp,10.105.10.55,65119,224.0.0.252,5355,0,136,17,419
udp,10.105.10.101,54886,239.255.255.250,1900,0,868,17,3020
udp,10.105.10.68,51614,239.255.255.250,1900,0,868,17,3022
udp,10.105.10.82,138,10.105.11.255,138,0,243,17,0
udp,fe80::8db8:8ebc:e236:794f,60335,ff02::1:3,5355,0,196,17,416
udp,10.105.11.201,60335,224.0.0.252,5355,0,156,17,415
udp,10.105.11.201,57808,224.0.0.252,5355,0,156,17,415
udp,fe80::8db8:8ebc:e236:794f,57808,ff02::1:3,5355,0,196,17,414
udp,fe80::8db8:8ebc:e236:794f,51060,ff02::1:3,5355,0,196,17,432
udp,10.105.11.201,51060,224.0.0.252,5355,0,156,17,431
udp,10.105.11.201,60902,224.0.0.252,5355,0,156,17,431
udp,fe80::8db8:8ebc:e236:794f,60902,ff02::1:3,5355,0,196,17,431
udp,10.105.10.107,49258,239.255.255.250,1900,0,868,17,3017
udp,10.105.10.61,61616,10.105.11.255,1947,0,82,17,0
tcp,10.105.10.61,52630,10.108.10.97,7680,0,264,6,7031
udp,fe80::a861:4965:d154:9a39,59412,ff02::1:3,5355,0,176,17,420
udp,10.105.10.55,59412,224.0.0.252,5355,0,136,17,420
udp,fe80::a861:4965:d154:9a39,54601,ff02::1:3,5355,0,176,17,419
udp,10.105.10.55,54601,224.0.0.252,5355,0,136,17,419
udp,10.105.10.113,55198,239.255.255.250,1900,0,868,17,3019
icmp,10.105.10.61,0,199.232.42.217,0,296,296,1,3058
udp,fe80::a861:4965:d154:9a39,57201,ff02::1:3,5355,0,176,17,420
udp,10.105.10.55,57201,224.0.0.252,5355,0,136,17,420
udp,fe80::a861:4965:d154:9a39,52681,ff02::1:3,5355,0,176,17,420
udp,10.105.10.55,52681,224.0.0.252,5355,0,136,17,419
udp,10.105.10.89,54830,239.255.255.250,1900,0,868,17,3013
udp,fe80::8db8:8ebc:e236:794f,63559,ff02::1:3,5355,0,196,17,420
udp,10.105.11.201,63559,224.0.0.252,5355,0,156,17,420
udp,fe80::8db8:8ebc:e236:794f,58011,ff02::1:3,5355,0,196,17,420
udp,10.105.11.201,58011,224.0.0.252,5355,0,156,17,420
udp,fe80::8db8:8ebc:e236:794f,51061,ff02::1:3,5355,0,196,17,420
udp,10.105.11.201,51061,224.0.0.252,5355,0,156,17,420
udp,fe80::8db8:8ebc:e236:794f,61781,ff02::1:3,5355,0,196,17,420
udp,10.105.11.201,61781,224.0.0.252,5355,0,156,17,420
tcp,10.107.20.201,62949,10.105.10.95,7680,0,264,6,7029
udp,fe80::a861:4965:d154:9a39,64138,ff02::1:3,5355,0,176,17,419
udp,10.105.10.55,64138,224.0.0.252,5355,0,136,17,419
udp,fe80::a861:4965:d154:9a39,61493,ff02::1:3,5355,0,176,17,419
udp,10.105.10.55,61493,224.0.0.252,5355,0,136,17,419
udp,10.105.10.82,58279,239.255.255.250,1900,0,844,17,3021
udp,fe80::8db8:8ebc:e236:794f,51034,ff02::1:3,5355,0,196,17,419
udp,10.105.11.201,51034,224.0.0.252,5355,0,156,17,419
udp,fe80::8db8:8ebc:e236:794f,49771,ff02::1:3,5355,0,196,17,419
udp,10.105.11.201,49771,224.0.0.252,5355,0,156,17,419
udp,fe80::8db8:8ebc:e236:794f,63542,ff02::1:3,5355,0,196,17,416
udp,10.105.11.201,63542,224.0.0.252,5355,0,156,17,416
udp,fe80::8db8:8ebc:e236:794f,51654,ff02::1:3,5355,0,196,17,415
udp,10.105.11.201,51654,224.0.0.252,5355,0,156,17,415
udp,fe80::a861:4965:d154:9a39,53524,ff02::1:3,5355,0,176,17,420
udp,10.105.10.55,53524,224.0.0.252,5355,0,136,17,420
udp,fe80::a861:4965:d154:9a39,51186,ff02::1:3,5355,0,176,17,419
udp,10.105.10.55,51186,224.0.0.252,5355,0,136,17,419
udp,10.105.10.105,55339,239.255.255.250,1900,0,648,17,2028
udp,fe80::a861:4965:d154:9a39,51067,ff02::1:3,5355,0,176,17,421
udp,10.105.10.55,51067,224.0.0.252,5355,0,136,17,421
udp,fe80::a861:4965:d154:9a39,62820,ff02::1:3,5355,0,176,17,421
udp,10.105.10.55,62820,224.0.0.252,5355,0,136,17,420
icmp,10.0.2.15,0,8.8.8.8,0,32144,32144,1,327713
icmp,10.0.2.15,60972,8.8.8.8,53,92,76,17,58
icmp,10.0.2.15,58548,8.8.8.8,53,216,76,17,59
icmp,10.0.2.15,0,104.77.212.186,0,2156,2156,1,21056
icmp,10.0.2.15,37933,8.8.8.8,53,164,98,17,25
icmp,10.0.2.15,51243,8.8.8.8,53,93,77,17,27
icmp,10.0.2.15,58993,8.8.8.8,53,142,77,17,17
icmp,10.0.2.15,0,199.232.42.217,0,980,980,1,9023
icmp,10.0.2.15,40805,8.8.8.8,53,293,185,17,54
icmp,10.0.2.15,56035,8.8.8.8,53,124,76,17,16
icmp,10.0.2.15,41563,8.8.8.8,53,148,76,17,82
icmp,10.0.2.15,0,18.202.75.72,0,0,1764,1,17394
icmp,10.0.2.15,34030,8.8.8.8,53,113,81,17,67
icmp,10.0.2.15,52939,8.8.8.8,53,143,81,17,24
icmp,10.0.2.15,0,165.160.15.20,0,0,1862,1,18423
icmp,192.168.240.1,59083,192.168.255.255,1947,0,82,17,0
icmp_c2,192.168.240.1,0,192.168.249.14,0,18842,13928,1,26438
icmp,192.168.240.1,58696,192.168.255.255,1947,0,82,17,0
icmp,192.168.240.1,5353,224.0.0.251,5353,0,83,17,0
icmp,192.168.240.1,61308,192.168.255.255,1947,0,82,17,0
icmp,192.168.240.1,52796,192.168.255.255,1947,0,82,17,0
icmp,192.168.240.1,61967,192.168.255.255,1947,0,82,17,0
icmp,192.168.240.1,64998,192.168.255.255,1947,0,82,17,0
icmp,fe80::215:5dff:fe74:7f9c,0,ff02::2,0,0,70,58,0
icmp,192.168.240.1,55383,192.168.255.255,1947,0,82,17,0
icmp_c2,192.168.240.1,0,192.168.249.14,0,22695,16415,1,215204
icmp,192.168.240.1,60285,192.168.255.255,1947,0,82,17,0
icmp,192.168.240.1,64072,192.168.255.255,1947,0,82,17,0
icmp,192.168.240.1,57340,192.168.255.255,1947,0,82,17,0
icmp,192.168.240.1,59157,192.168.255.255,1947,0,82,17,0
icmp,192.168.240.1,51385,192.168.255.255,1947,0,82,17,0
icmp,192.168.240.1,5353,224.0.0.251,5353,0,800,17,1034
icmp,fe80::153b:7b61:9f9e:f316,5353,ff02::fb,5353,0,960,17,1032
icmp,192.168.240.1,55383,192.168.255.255,1947,0,82,17,0
icmp_c2,192.168.240.1,0,192.168.241.140,0,31654,23044,1,61384
icmp,192.168.240.1,51826,192.168.255.255,1947,0,82,17,0
icmp,192.168.240.1,51829,255.255.255.255,1947,0,82,17,0
icmp,192.168.240.1,49917,192.168.255.255,1947,0,82,17,0
icmp,192.168.240.1,49919,255.255.255.255,1947,0,82,17,0
icmp_c2,192.168.240.1,0,192.168.241.140,0,37256,26966,1,90819
icmp,192.168.240.1,53349,192.168.255.255,1947,0,82,17,0
icmp,192.168.240.1,53352,255.255.255.255,1947,0,82,17,0
icmp,192.168.240.1,52939,192.168.255.255,1947,0,82,17,0
icmp,192.168.240.1,52942,255.255.255.255,1947,0,82,17,0
icmp,192.168.240.1,49266,192.168.255.255,1947,0,82,17,0
icmp,192.168.240.1,49269,255.255.255.255,1947,0,82,17,0
